EmployeeID,ProjectID
2,2001
49,2021
10,2014
7,2003
11,2003
41,2017
47,2022
2,2007
22,2025
6,2003
13,2022
12,2010
33,2003
18,2007
10,2012
26,2020
2,2022
6,2004
50,2014
10,2017
18,2009
37,2022
42,2007
46,2001
9,2002
34,2018
49,2014
3,2024
34,2024
43,2023
18,2002
13,2019
30,2018
23,2017
9,2018
24,2023
21,2017
29,2010
26,2014
16,2006
18,2015
42,2001
13,2004
29,2009
1,2020
38,2018
17,2009
3,2016
15,2002
13,2005
48,2025
18,2008
15,2010
18,2014
48,2008
32,2012
32,2006
36,2002
20,2005
21,2014
33,2002
1,2011
10,2009
17,2011
12,2003
32,2023
19,2012
44,2022
29,2025
21,2009
21,2012
36,2018
21,2011
34,2008
3,2019
23,2023
13,2023
8,2016
27,2010
25,2025
29,2016
38,2002
45,2003
25,2019
16,2002
24,2001
41,2010
44,2013
41,2012
10,2013
50,2015
32,2017
5,2011
37,2010
50,2025
21,2007
34,2020
16,2011
11,2009
36,2002
